album,track_number,id,name,uri,key,mode,danceability,acousticness,energy,liveness,loudness,tempo,valence,popularity
Sambil Menggandeng Erat Tanganku,1,7mGO7lGxnJhMWtqERZig8l,Angin Kita,spotify:track:7mGO7lGxnJhMWtqERZig8l,5,1,0.554,0.0582,0.583,0.326,-11.26,106.997,0.662,27
Sambil Menggandeng Erat Tanganku,2,1TdhewZV5VYPZY1ahpfgBE,Mango No. 2,spotify:track:1TdhewZV5VYPZY1ahpfgBE,1,0,0.614,0.212,0.602,0.0829,-11.706,170.008,0.795,25
Sambil Menggandeng Erat Tanganku,3,4fhJ1jFoIapbdiW8aDccHc,Sambil Menggandeng Erat Tanganku,spotify:track:4fhJ1jFoIapbdiW8aDccHc,5,1,0.515,0.0344,0.692,0.802,-10.994,163.954,0.642,32
Sambil Menggandeng Erat Tanganku,4,0eotVbveGVkC4gPvzdvks5,Bel Sekolah adalah Love Song,spotify:track:0eotVbveGVkC4gPvzdvks5,7,1,0.452,0.0167,0.625,0.335,-11.097,175.068,0.679,31
Sambil Menggandeng Erat Tanganku,5,2N6KAievdXztAwHzcymJdz,Glory Days,spotify:track:2N6KAievdXztAwHzcymJdz,0,1,0.553,0.0823,0.752,0.0674,-12.588,172.056,0.816,28
Sambil Menggandeng Erat Tanganku,6,1DUrPNEqWWVLYZgBnikiEQ,Barcode,spotify:track:1DUrPNEqWWVLYZgBnikiEQ,3,0,0.626,0.0323,0.592,0.37,-11.624,135.984,0.789,22
Sambil Menggandeng Erat Tanganku,7,1LRNtjqpe2KVU53TnKkZLm,Ajak Aku Pergi Menuju ke Wimbledo,spotify:track:1LRNtjqpe2KVU53TnKkZLm,7,1,0.611,0.0993,0.689,0.346,-11.203,147.07,0.878,26
Sambil Menggandeng Erat Tanganku,8,0pI9PVL8ROOIumjjLczqiZ,Sang Pianis Hujan,spotify:track:0pI9PVL8ROOIumjjLczqiZ,6,0,0.552,0.00433,0.733,0.344,-12.251,145.026,0.805,25
Sambil Menggandeng Erat Tanganku,9,6Idrb4GBzCUGaP7G40G5XT,Keberadaan Coklat Itu,spotify:track:6Idrb4GBzCUGaP7G40G5XT,0,1,0.648,0.0165,0.842,0.326,-11.833,125.077,0.744,21
Sambil Menggandeng Erat Tanganku,10,23r4tuEuW62Pv8qT40cstv,Innocence,spotify:track:23r4tuEuW62Pv8qT40cstv,1,0,0.638,0.00978,0.736,0.353,-11.822,132.008,0.738,24
Sambil Menggandeng Erat Tanganku,11,4G22d4UONZNFc1Dk4GPvc6,Romance Rocket,spotify:track:4G22d4UONZNFc1Dk4GPvc6,1,1,0.65,0.00343,0.735,0.332,-10.367,126.989,0.801,20
Sambil Menggandeng Erat Tanganku,12,5fITh6M3sCMDGYjXmAWWQr,Arah Sang Cinta dan Balasannya,spotify:track:5fITh6M3sCMDGYjXmAWWQr,11,1,0.692,0.0673,0.804,0.102,-10.511,129.037,0.961,26
Sambil Menggandeng Erat Tanganku,13,6JUEOP9V9N6qvGweYVR618,Aku Sangat Suka,spotify:track:6JUEOP9V9N6qvGweYVR618,0,1,0.49,0.059,0.765,0.346,-10.728,92.977,0.728,22
Sambil Menggandeng Erat Tanganku,14,0Eqh5OgF8zDrFTP3TH1eWz,Tali Persahabatan,spotify:track:0Eqh5OgF8zDrFTP3TH1eWz,6,0,0.512,0.0141,0.7,0.383,-9.855,156.003,0.764,19
Sambil Menggandeng Erat Tanganku,15,2FRQwszGqh5bVcMStIM7iA,Malam Hari Selasa,spotify:track:2FRQwszGqh5bVcMStIM7iA,10,1,0.529,0.00999,0.816,0.357,-9.887,153.036,0.727,19
Sambil Menggandeng Erat Tanganku,16,4BhaqBmF4CylMsdP0ARzRO,Di Tempat yang Jauh pun,spotify:track:4BhaqBmF4CylMsdP0ARzRO,2,1,0.646,0.873,0.2,0.104,-13.085,136.083,0.446,24
Tadaima Renaichuu,1,2ZZb1KxDrgG8Eudlz9tvcW,Sekarang Sedang Jatuh Cinta,spotify:track:2ZZb1KxDrgG8Eudlz9tvcW,4,1,0.537,0.0827,0.83,0.0655,-6.201,165.937,0.904,21
Tadaima Renaichuu,2,58Q6v2XVCukU3RovLLTpFZ,Boneka Teddy Bear,spotify:track:58Q6v2XVCukU3RovLLTpFZ,4,1,0.409,0.00426,0.559,0.0581,-9.437,113.092,0.755,19
Tadaima Renaichuu,4,1lDNAHck7TAhHCXtghpyDK,Cinta Pertama di Jam 7 Lewat 12,spotify:track:1lDNAHck7TAhHCXtghpyDK,7,1,0.695,0.0845,0.645,0.366,-8.308,119.946,0.479,26
Tadaima Renaichuu,5,1ZcKRoOvykD6FwiGUPfImV,Sampai Musim Semi Tiba,spotify:track:1ZcKRoOvykD6FwiGUPfImV,9,1,0.317,0.187,0.529,0.129,-9.039,96.029,0.234,26
Tadaima Renaichuu,6,5OezOdOWLtXBE0FicWQUnX,Cinta yang Tulus | Crescendo,spotify:track:5OezOdOWLtXBE0FicWQUnX,1,1,0.613,0.00328,0.699,0.0931,-6.36,147.008,0.198,19
Tadaima Renaichuu,7,4VZsq41rI4YmnWfWe7IUYq,Faint,spotify:track:4VZsq41rI4YmnWfWe7IUYq,7,0,0.67,0.0152,0.845,0.582,-5.516,116.952,0.503,17
Tadaima Renaichuu,8,5Eyu6Sq2tsjZ1ynOIWXtUb,Pulang Kampung,spotify:track:5Eyu6Sq2tsjZ1ynOIWXtUb,7,1,0.746,0.0947,0.736,0.105,-6.326,95.014,0.411,22
Tadaima Renaichuu,9,1XP7FhxAmm9C0yCf6zV8sj,Rasanya Malas,spotify:track:1XP7FhxAmm9C0yCf6zV8sj,9,0,0.812,0.119,0.74,0.0531,-7.623,132.053,0.971,19
Tadaima Renaichuu,10,3sBZpquEuEi7OJpMJzNYyK,Mr. Kissman,spotify:track:3sBZpquEuEi7OJpMJzNYyK,11,0,0.626,0.512,0.817,0.354,-6.444,133.763,0.739,16
Tadaima Renaichuu,11,5mxYWuzipspvFfpWY239lA,Kamulah yang Memberitahu Aku,spotify:track:5mxYWuzipspvFfpWY239lA,4,1,0.585,0.00127,0.748,0.258,-9.012,116.003,0.626,25
Tadaima Renaichuu,13,0fWj8nVetqrcQIgPUYHcGB,Rasa Sayang yang Dulu Aku Remehkan,spotify:track:0fWj8nVetqrcQIgPUYHcGB,1,0,0.64,0.337,0.767,0.088,-6.361,118.598,0.845,20
Tadaima Renaichuu,14,4W9ZGydtlpSvOu77QQAROI,LOVE CHASE,spotify:track:4W9ZGydtlpSvOu77QQAROI,3,0,0.39,0.00755,0.725,0.119,-7.063,176.129,0.641,15
Tadaima Renaichuu,15,3LfMEdVortGh3EltKNWRJF,Seragam Ini Sangat Mengganggu,spotify:track:3LfMEdVortGh3EltKNWRJF,0,0,0.585,0.0751,0.862,0.0482,-6.446,143.014,0.788,20
Tadaima Renaichuu,16,5a6qieKuOdKgNVzRDLidxq,Betapa Indahnya Dunia Tempat Kita Lahir,spotify:track:5a6qieKuOdKgNVzRDLidxq,8,1,0.617,0.215,0.617,0.11,-7.601,117.577,0.686,23
Theater no Megami: Dewi Theater,1,4d073Tm1FaLScacsc7GK9h,Petak Umpet Romansa,spotify:track:4d073Tm1FaLScacsc7GK9h,10,0,0.747,0.138,0.491,0.242,-6.608,107.97,0.324,20
Theater no Megami: Dewi Theater,2,5RtM3bpSWgpEUyKPhUx1ZD,Palu Keberanian,spotify:track:5RtM3bpSWgpEUyKPhUx1ZD,2,1,0.662,0.0125,0.844,0.202,-5.311,102.986,0.654,18
Theater no Megami: Dewi Theater,3,05NsJNQdTL39BoBwoHnYMp,Persentase Meteor,spotify:track:05NsJNQdTL39BoBwoHnYMp,0,1,0.676,0.0656,0.93,0.384,-4.186,134.967,0.965,33
Theater no Megami: Dewi Theater,4,2G578dOOQmocYcjvhHNPir,Stripper Cinta,spotify:track:2G578dOOQmocYcjvhHNPir,2,1,0.466,0.0679,0.892,0.127,-3.632,76.015,0.803,19
Theater no Megami: Dewi Theater,5,5I7G37N7HSOnj71wH8Zk6q,Dewi Theater,spotify:track:5I7G37N7HSOnj71wH8Zk6q,7,1,0.433,0.000923,0.847,0.418,-3.742,152.021,0.663,21
Theater no Megami: Dewi Theater,6,1i6qtABjIOGwDRX63LpUeH,"Cinta Pertamaku, Selamat Siang",spotify:track:1i6qtABjIOGwDRX63LpUeH,11,0,0.4,0.122,0.847,0.148,-2.746,80.034,0.584,21
Theater no Megami: Dewi Theater,7,0bTWss0qb99HnuqKeho9UE,Pada Malam yang Berbadai,spotify:track:0bTWss0qb99HnuqKeho9UE,10,1,0.615,0.155,0.972,0.509,-2.64,118.043,0.482,26
Theater no Megami: Dewi Theater,8,74fjB4zxums2NZqhv52dh5,Candy,spotify:track:74fjB4zxums2NZqhv52dh5,4,1,0.625,0.365,0.908,0.643,-3.569,126.03,0.715,20
Theater no Megami: Dewi Theater,9,28RehE1Sns7Vbr03GOadFP,Locker Room Boy,spotify:track:28RehE1Sns7Vbr03GOadFP,1,0,0.533,0.204,0.905,0.0968,-3.237,139.973,0.725,19
Theater no Megami: Dewi Theater,10,09mgeBbg7nGX5Y6nSgmtle,Perbuatan Angin Malam,spotify:track:09mgeBbg7nGX5Y6nSgmtle,0,0,0.726,0.692,0.451,0.13,-6.365,122.946,0.541,26
Theater no Megami: Dewi Theater,11,7v0PDyBEyaUtjrywbIy9zz,100 Meter ke Minimarket,spotify:track:7v0PDyBEyaUtjrywbIy9zz,5,0,0.492,0.0881,0.997,0.615,-3.42,146.026,0.682,18
Theater no Megami: Dewi Theater,12,13KVlwFBRqghmnuuIO3snV,Suka Suka Suka,spotify:track:13KVlwFBRqghmnuuIO3snV,5,1,0.649,0.159,0.881,0.183,-4.436,126.019,0.738,33
Theater no Megami: Dewi Theater,13,08kvjCz9DJUMK9cFDhjAjA,Membeku Karena Selamat Tinggal,spotify:track:08kvjCz9DJUMK9cFDhjAjA,5,0,0.585,0.0884,0.937,0.305,-2.902,135.037,0.859,17
Theater no Megami: Dewi Theater,14,2mWHNCSudUcrEiJnOtsPJR,Surat Undangan Sang Angin Laut,spotify:track:2mWHNCSudUcrEiJnOtsPJR,2,1,0.351,0.586,0.667,0.373,-5.501,200.245,0.681,21
Theater no Megami: Dewi Theater,15,0Q2bd7Dk0B4ojOpBxhXbsV,Honest Man,spotify:track:0Q2bd7Dk0B4ojOpBxhXbsV,3,1,0.382,0.0688,0.96,0.353,-3.816,175.026,0.61,53
Theater no Megami: Dewi Theater,16,15AxdNTGWY6zWhlqBbd1mZ,Team J Oshi,spotify:track:15AxdNTGWY6zWhlqBbd1mZ,8,1,0.437,0.163,0.799,0.0798,-3.05,171.805,0.885,18
Theater no Megami: Dewi Theater,17,06afSiZu8YUOPBtUy5DAJC,Pesawat Terbang Kertas Kita,spotify:track:06afSiZu8YUOPBtUy5DAJC,2,1,0.517,0.00863,0.803,0.822,-5.795,95.998,0.882,21
Bel Terakhir Berbunyi (Theater Live Version),1,4dO38ey6r4WNr2pXmbMGv0,Overture & Mammoth - Theater Live Version,spotify:track:4dO38ey6r4WNr2pXmbMGv0,8,0,0.565,0.0516,0.888,0.715,-7.808,115.892,0.685,14
Bel Terakhir Berbunyi (Theater Live Version),2,4saXMVI0dG1PHIouYhk8Ld,Bel Terakhir Berbunyi - Theater Live Version,spotify:track:4saXMVI0dG1PHIouYhk8Ld,11,1,0.48,0.000128,0.828,0.865,-7.974,153.998,0.556,17
Bel Terakhir Berbunyi (Theater Live Version),3,0EPzujg2q7NsthdUHIlcnr,Cara Mendapatkan Pacar - Theater Live Version,spotify:track:0EPzujg2q7NsthdUHIlcnr,10,1,0.449,0.00407,0.799,0.884,-7.802,206.035,0.667,17
Bel Terakhir Berbunyi (Theater Live Version),4,23wWXAF18btk9mnmZC2jPJ,Tak Ingin Jadi Orang Hebat - Theater Live Version,spotify:track:23wWXAF18btk9mnmZC2jPJ,9,1,0.494,0.0412,0.884,0.972,-7.262,159.901,0.637,16
Bel Terakhir Berbunyi (Theater Live Version),5,2hAl4fRaIJdsv3Qx6o0O9S,Return Match - Theater Live Version,spotify:track:2hAl4fRaIJdsv3Qx6o0O9S,7,1,0.647,0.00364,0.899,0.678,-7.91,141.989,0.729,15
Bel Terakhir Berbunyi (Theater Live Version),6,6Y4nSCUGuLuMlI2knhABAR,Pencuri Cinta Pertama - Theater Live Version,spotify:track:6Y4nSCUGuLuMlI2knhABAR,3,1,0.6,0.00299,0.894,0.808,-7.285,144.977,0.88,16
Bel Terakhir Berbunyi (Theater Live Version),7,4btsTWYJMwaKVkT8X7nFVY,"Maafkan, Permataku - Theater Live Version",spotify:track:4btsTWYJMwaKVkT8X7nFVY,8,0,0.48,8.31e-05,0.835,0.425,-7.476,150.05,0.774,16
Bel Terakhir Berbunyi (Theater Live Version),8,0VGJsxojSsJQWR8q8msx68,"Benang Sari, Putik, dan Kupu-Kupu Malam - Theater Live Version",spotify:track:0VGJsxojSsJQWR8q8msx68,8,0,0.645,0.00296,0.937,0.452,-8.206,126.969,0.579,26
Bel Terakhir Berbunyi (Theater Live Version),9,4zHlcbPV0nlkD0Y1EkgxM3,Lagu 18 Bersaudari - Theater Live Version,spotify:track:4zHlcbPV0nlkD0Y1EkgxM3,2,1,0.651,0.173,0.92,0.736,-8.086,135.028,0.943,16
Bel Terakhir Berbunyi (Theater Live Version),10,1Ua7n3jytVQkfpeTSYKv0N,Stand Up! - Theater Live Version,spotify:track:1Ua7n3jytVQkfpeTSYKv0N,0,0,0.581,0.054,0.798,0.765,-8.103,99.989,0.545,14
Bel Terakhir Berbunyi (Theater Live Version),11,1ump5l2hPCnptRLgu8ynCT,Cool Girl - Theater Live Version,spotify:track:1ump5l2hPCnptRLgu8ynCT,8,1,0.485,0.0637,0.835,0.473,-7.088,164.87,0.651,14
Bel Terakhir Berbunyi (Theater Live Version),12,4VFjIp5Gbfby6jSUAjNmFL,Kapasitas Ikan Migrasi - Theater Live Version,spotify:track:4VFjIp5Gbfby6jSUAjNmFL,7,0,0.538,0.00793,0.947,0.974,-6.745,141.987,0.774,16
Bel Terakhir Berbunyi (Theater Live Version),13,3djF1e6MrlDSBgsETCEEbY,Pergi untuk Bertemu - Theater Live Version,spotify:track:3djF1e6MrlDSBgsETCEEbY,1,1,0.637,0.126,0.879,0.622,-7.721,115.986,0.772,16
Bel Terakhir Berbunyi (Theater Live Version),14,0GccmKiWE6HoW4fzvEbYzY,Kucing Siam - Theater Live Version,spotify:track:0GccmKiWE6HoW4fzvEbYzY,8,0,0.577,0.00379,0.796,0.183,-5.213,128.95,0.583,13
Bel Terakhir Berbunyi (Theater Live Version),15,6Xi2kgJIG5HE1m29lNTd3q,Jalan Melos - Theater Live Version,spotify:track:6Xi2kgJIG5HE1m29lNTd3q,9,0,0.494,0.00279,0.961,0.988,-6.798,151.038,0.531,15
Bel Terakhir Berbunyi (Theater Live Version),16,2GTX6DIFwd8BQ6FW7i9NjA,Dukungan - Theater Live Version,spotify:track:2GTX6DIFwd8BQ6FW7i9NjA,10,1,0.425,0.13,0.48,0.737,-8.902,159.923,0.463,29
Seishun Girls - Gadis Gadis Remaja,1,0DFHg7M88n1ili2gb0UhMi,Seishun Girls - Gadis Gadis Remaja,spotify:track:0DFHg7M88n1ili2gb0UhMi,11,1,0.703,0.178,0.931,0.579,-3.475,133.025,0.635,24
Seishun Girls - Gadis Gadis Remaja,2,2dsL5zJoiWqzjPOBG3Docv,Beach Sandal,spotify:track:2dsL5zJoiWqzjPOBG3Docv,9,1,0.51,0.121,0.81,0.0892,-3.866,197.976,0.866,25
Seishun Girls - Gadis Gadis Remaja,3,5vVC4jOfictJWgykXv4aqH,Kimi ga Hoshi ni Naru Made - Sampai dirimu menjadi bintang,spotify:track:5vVC4jOfictJWgykXv4aqH,2,1,0.677,0.0042,0.726,0.105,-4.115,124.049,0.723,27
Seishun Girls - Gadis Gadis Remaja,4,5j5p2borxWn9tk5gXkqE0O,Blue Rose,spotify:track:5j5p2borxWn9tk5gXkqE0O,9,1,0.447,0.000122,0.905,0.354,-4.458,154.973,0.797,22
Seishun Girls - Gadis Gadis Remaja,5,0LhDixBPKLIjuAl30F4m0m,Kinjirareta Futari - Dua orang yang Terlarang,spotify:track:0LhDixBPKLIjuAl30F4m0m,5,0,0.63,0.334,0.619,0.282,-4.594,106.035,0.538,39
Seishun Girls - Gadis Gadis Remaja,6,27RUvQAOdsUi1ZEMv3Z6xa,Ame no Doubutsuen - Kebun Binatang Disaat Hujan,spotify:track:27RUvQAOdsUi1ZEMv3Z6xa,2,1,0.453,0.0699,0.815,0.123,-3.923,200.002,0.826,26
Seishun Girls - Gadis Gadis Remaja,7,0dfuOgKaqgauYWCvechd0f,Fushidara na Natsu - Musim Panas yang Kacau,spotify:track:0dfuOgKaqgauYWCvechd0f,0,1,0.665,0.00855,0.781,0.107,-4.552,120.032,0.662,24
Seishun Girls - Gadis Gadis Remaja,8,0VLE54sfMyYwLwMI5v7qUK,Don't Disturb!,spotify:track:0VLE54sfMyYwLwMI5v7qUK,0,0,0.705,0.241,0.8,0.175,-4.483,120.032,0.815,35
Seishun Girls - Gadis Gadis Remaja,9,63da2Etf3644fwPX5rfw5i,Virgin Love,spotify:track:63da2Etf3644fwPX5rfw5i,6,0,0.458,0.00363,0.857,0.296,-6.565,164.969,0.564,21
Seishun Girls - Gadis Gadis Remaja,10,75zc5UDFJCMzTtW8iIvu6b,Hizuke Henkousen - Garis Pergantian Hari Cinta,spotify:track:75zc5UDFJCMzTtW8iIvu6b,9,0,0.595,0.0434,0.831,0.0749,-4.064,129.989,0.893,25
Seishun Girls - Gadis Gadis Remaja,11,5vEp4YK375bWXP7AwUdelc,Boku no Uchiage Hanabi - Kembang Api Milikku,spotify:track:5vEp4YK375bWXP7AwUdelc,10,1,0.672,0.0939,0.912,0.146,-5.03,114.999,0.668,33
Seishun Girls - Gadis Gadis Remaja,12,56XRcKAlxWyYk47EiefXrr,Yakusoku yo - Janji Ya,spotify:track:56XRcKAlxWyYk47EiefXrr,2,1,0.625,0.00062,0.74,0.0661,-5.149,122.984,0.841,32
Seishun Girls - Gadis Gadis Remaja,13,7dtcGGiVbzoURD39cBomhr,Korogaru Ishi ni nare - Jadilah Batu yang Berputar,spotify:track:7dtcGGiVbzoURD39cBomhr,7,0,0.447,0.000334,0.912,0.206,-3.554,165.009,0.527,22
Seishun Girls - Gadis Gadis Remaja,14,6WU4dhdnh2H4FVDHrcdRom,Cinderella wa Damasarenai - Cinderella tak Akan Tertipu,spotify:track:6WU4dhdnh2H4FVDHrcdRom,9,0,0.636,0.0333,0.951,0.213,-3.552,146.048,0.821,24
Dareka no Tame ni - Demi Seseorang,1,6cCKq7Tb6h3Mmpi5J0Ianh,Tsukimisou - Evening Primrose,spotify:track:6cCKq7Tb6h3Mmpi5J0Ianh,6,1,0.602,0.00315,0.605,0.151,-12.806,142.948,0.773,14
Dareka no Tame ni - Demi Seseorang,2,40HxuIJERRRuNyY1uwuJMJ,Warning!,spotify:track:40HxuIJERRRuNyY1uwuJMJ,9,1,0.684,0.00159,0.787,0.436,-11.813,138.022,0.903,15
Dareka no Tame ni - Demi Seseorang,3,3kLdKOeONkligk1nuzWsZp,Tanjoubi no Yoru - Malam Ulang Tahun,spotify:track:3kLdKOeONkligk1nuzWsZp,11,0,0.645,0.00419,0.851,0.0903,-9.838,128.006,0.387,15
Dareka no Tame ni - Demi Seseorang,4,0kxa9QomcAR3FdT1S9fUfw,Bird,spotify:track:0kxa9QomcAR3FdT1S9fUfw,4,0,0.55,0.00105,0.629,0.167,-10.098,74.99,0.495,23
Dareka no Tame ni - Demi Seseorang,5,1FBlDMhslIWAvkKXRQsbnv,Nage kisu de Uchiotose - Jatuhkan dengan Kiss-Bye!,spotify:track:1FBlDMhslIWAvkKXRQsbnv,0,1,0.485,0.00535,0.741,0.425,-8.307,157.004,0.561,18
Dareka no Tame ni - Demi Seseorang,6,08vfDb3MdDn4OgIQtlZn0E,Shinkirou - Khayalan,spotify:track:08vfDb3MdDn4OgIQtlZn0E,3,0,0.591,0.0276,0.645,0.0554,-12.443,111.999,0.699,21
Dareka no Tame ni - Demi Seseorang,7,5AAirX3DIlFqHlGW0loMle,Rider,spotify:track:5AAirX3DIlFqHlGW0loMle,9,1,0.613,0.00387,0.616,0.247,-10.22,117.002,0.754,23
Dareka no Tame ni - Demi Seseorang,8,6WfPG7hb2cewzWlYsoLXpP,Seifuku ga Jama wo suru - Seragam Ini Sangat Mengganggu,spotify:track:6WfPG7hb2cewzWlYsoLXpP,0,0,0.618,0.0213,0.681,0.0407,-10.04,143.038,0.78,21
Dareka no Tame ni - Demi Seseorang,9,6bmTK2KRRCMl7T0DRMMSCk,Natsu ga Ichatta - Summer Has Gone,spotify:track:6bmTK2KRRCMl7T0DRMMSCk,11,0,0.559,0.000958,0.59,0.203,-10.404,128.979,0.469,16
Dareka no Tame ni - Demi Seseorang,10,1WjZ9nsZatuOyZsXwsQgDd,Koike - Adyth,spotify:track:1WjZ9nsZatuOyZsXwsQgDd,5,1,0.534,0.0283,0.752,0.0706,-7.763,149.965,0.861,19
Dareka no Tame ni - Demi Seseorang,11,3nvf8wQznYcAxnMjUVdpet,Tsuki no Katachi - Bentuk Sang Rembulan,spotify:track:3nvf8wQznYcAxnMjUVdpet,9,0,0.646,0.00181,0.734,0.0389,-9.833,152.979,0.697,15
Dareka no Tame ni - Demi Seseorang,12,4vfr7r0gMj54MKzaJxlMyg,Dareka no Tame ni - Demi Seseorang,spotify:track:4vfr7r0gMj54MKzaJxlMyg,4,1,0.504,0.00334,0.528,0.139,-10.638,112.029,0.429,21
Dareka no Tame ni - Demi Seseorang,13,3Aac10wnbmM9HVN9CFHYRW,Namida uri no Shoujo - Gadis Penjual Air Mata,spotify:track:3Aac10wnbmM9HVN9CFHYRW,7,0,0.68,0.00286,0.682,0.0271,-10.769,137.472,0.779,17
Pajama Drive,2,6qyR0WUTFu1tiukwUdTKKJ,Jurus Rahasia Teleport,spotify:track:6qyR0WUTFu1tiukwUdTKKJ,4,1,0.714,0.0862,0.946,0.192,-1.087,110.015,0.964,39
Pajama Drive,3,4v2OTFU1bnOmeF0ESPMFNF,Putri Duyung yang Sedang Sedih,spotify:track:4v2OTFU1bnOmeF0ESPMFNF,0,1,0.481,0.000801,0.952,0.268,-1.072,167.989,0.829,26
Pajama Drive,4,3FYY0fhw9zYD3WWaoGBtzs,Bersepeda Berdua,spotify:track:3FYY0fhw9zYD3WWaoGBtzs,0,1,0.382,0.0041,0.983,0.468,-0.695,169.961,0.477,43
Pajama Drive,5,7yidhbIhmnsUcatHEtRIiD,Ekor Malaikat,spotify:track:7yidhbIhmnsUcatHEtRIiD,4,1,0.609,0.00686,0.976,0.217,-0.895,137.975,0.883,35
Pajama Drive,6,6HwBIMq2bNEyrXKOUD88mz,Pajama Drive,spotify:track:6HwBIMq2bNEyrXKOUD88mz,2,0,0.572,0.00414,0.977,0.337,-1.291,162.026,0.901,27
Pajama Drive,7,4UDg52je3dtoMHu00RVRVP,Prinsip Kesucian Hati,spotify:track:4UDg52je3dtoMHu00RVRVP,7,1,0.574,0.0395,0.941,0.357,-1.705,117.031,0.841,24
Pajama Drive,8,5Bcz66xPyt5r8OFssspc0U,Air Mata Perasaan yang Tak Tersampaikan,spotify:track:5Bcz66xPyt5r8OFssspc0U,3,0,0.614,0.00254,0.906,0.126,-1.81,133.964,0.72,30
Pajama Drive,9,2d3q6VhIJSh7fjDLpxFOK7,Joan of Arc di Dalam Cermin,spotify:track:2d3q6VhIJSh7fjDLpxFOK7,2,0,0.558,0.00902,0.942,0.0517,-1.423,157.072,0.765,26
Pajama Drive,10,3W9wMeQbd40kWT6ko4F0UU,Two years Later,spotify:track:3W9wMeQbd40kWT6ko4F0UU,7,1,0.478,0.0062,0.906,0.4,-2.066,167.97,0.69,24
Pajama Drive,11,5WgujUqSGwF40RtyRWw9Fa,Cara Menggunakan Hidup,spotify:track:5WgujUqSGwF40RtyRWw9Fa,7,0,0.626,0.0344,0.941,0.325,-2.762,134.922,0.859,22
Pajama Drive,12,5nK0U7hH7GwEmvdnAcPaoj,Rugi Sudah dicium,spotify:track:5nK0U7hH7GwEmvdnAcPaoj,11,0,0.529,0.134,0.926,0.133,-1.875,164.074,0.962,23
Pajama Drive,13,0Vm1h756I4JSdyeYTV5a51,Bunga Sakuraku,spotify:track:0Vm1h756I4JSdyeYTV5a51,0,1,0.525,0.145,0.59,0.18,-3.871,94.993,0.449,34
Pajama Drive,14,59SARA3NNyIzLK6R5Og976,Wasshoi J!,spotify:track:59SARA3NNyIzLK6R5Og976,8,1,0.778,0.0321,0.948,0.0453,-1.132,125.143,0.637,22
Pajama Drive,15,2McoIAeZ229NU32gqDZuPp,Pelaut yang Melihat Mimpi di Tengah Badai,spotify:track:2McoIAeZ229NU32gqDZuPp,0,0,0.324,0.121,0.905,0.166,-0.532,160.087,0.502,23
Pajama Drive,16,0emE2gCRua0uML7G9XwVM5,Baju Putih,spotify:track:0emE2gCRua0uML7G9XwVM5,9,1,0.612,0.0747,0.839,0.451,-1.935,107.937,0.762,33
Joy Kick! Tears,1,631Aci6jObjlU92WbY3CcU,Majisuka Rock n' Roll,spotify:track:631Aci6jObjlU92WbY3CcU,8,1,0.501,0.00297,0.991,0.374,-2.984,142.04,0.835,19
Joy Kick! Tears,2,3zbEPHTH99UK9PyOZckgBL,Teacher Teacher,spotify:track:3zbEPHTH99UK9PyOZckgBL,10,1,0.685,0.00649,0.949,0.321,-3.441,129.956,0.771,27
Joy Kick! Tears,3,2EI522hIVnH8mQ5ZCOCsib,Kalender yang Dipercepat,spotify:track:2EI522hIVnH8mQ5ZCOCsib,4,1,0.414,0.000256,0.905,0.275,-2.872,179.976,0.715,25
Joy Kick! Tears,4,5SAmXijYbwyo2jZUv9hWse,Fajar Sang Idola,spotify:track:5SAmXijYbwyo2jZUv9hWse,11,1,0.635,0.0163,0.885,0.152,-2.944,124.037,0.71,24
Joy Kick! Tears,5,4G4D6L8fguz3qCXkoh5cOo,Back Hip Circle,spotify:track:4G4D6L8fguz3qCXkoh5cOo,7,1,0.54,9.05e-05,0.896,0.103,-3.82,123.997,0.592,25
Joy Kick! Tears,6,1ggkEvojZU3JaJtjj1B6KG,Tunas di Balik Seragam,spotify:track:1ggkEvojZU3JaJtjj1B6KG,11,0,0.423,0.000113,0.983,0.0778,-2.787,173.952,0.611,31
Joy Kick! Tears,7,5Ho1Diy9QENGBL2g4AtryO,Kereta Kedewasaan - Otona Ressha,spotify:track:5Ho1Diy9QENGBL2g4AtryO,8,1,0.443,0.0145,0.978,0.385,-2.589,147.962,0.322,38
Joy Kick! Tears,8,4JrfE21JwiUO5fItJMKMtY,"Bersama Kamu, Pelangi dan Mentari",spotify:track:4JrfE21JwiUO5fItJMKMtY,8,1,0.38,0.00068,0.974,0.351,-2.438,162.928,0.644,32
B.E.L.I.E.V.E,1,1mwEggqCjH8T3pxDwP58ZN,Karena Kau Ada Untuk Diriku,spotify:track:1mwEggqCjH8T3pxDwP58ZN,0,1,0.531,0.208,0.682,0.116,-5.672,141.907,0.476,29
B.E.L.I.E.V.E,2,1VFjbag0knrl1apf2GznPj,Gonna Jump,spotify:track:1VFjbag0knrl1apf2GznPj,4,1,0.409,0.00473,0.861,0.187,-3.563,180.094,0.583,22
B.E.L.I.E.V.E,3,0fULMmsjDKfPldAKi96Jrf,Adrenalin Masa Puber,spotify:track:0fULMmsjDKfPldAKi96Jrf,11,0,0.501,0.00751,0.817,0.124,-5.669,163.992,0.729,14
B.E.L.I.E.V.E,4,5p6JzB4uLHAfYEviIdIUcy,Salah Dengar Rock,spotify:track:5p6JzB4uLHAfYEviIdIUcy,0,1,0.562,0.00337,0.873,0.306,-4.461,97.514,0.55,31
B.E.L.I.E.V.E,5,5KhfAboXwSq2H2gcqcLgZX,Waiting Room,spotify:track:5KhfAboXwSq2H2gcqcLgZX,0,1,0.54,0.0152,0.812,0.12,-5.049,150.046,0.721,19
B.E.L.I.E.V.E,6,3px5mUbIEgP2d9tRJ41QiV,Di Tempat Yang Jauh pun,spotify:track:3px5mUbIEgP2d9tRJ41QiV,2,1,0.617,0.424,0.364,0.105,-7.949,136.095,0.375,26
B.E.L.I.E.V.E,7,1faZ7olKASjSspDaE0y37c,Bel Sekolah Adalah Love Song,spotify:track:1faZ7olKASjSspDaE0y37c,7,1,0.448,0.00069,0.882,0.372,-5.39,175.026,0.579,25
B.E.L.I.E.V.E,8,45ClJPo5JwOQyVqMF6n6Tm,Mammoth,spotify:track:45ClJPo5JwOQyVqMF6n6Tm,8,0,0.666,0.00946,0.859,0.0914,-6.731,115.912,0.791,16
B.E.L.I.E.V.E,9,3QpwuZuhjx42VXexjhLuXE,Kapasitas Ikan Migrasi,spotify:track:3QpwuZuhjx42VXexjhLuXE,0,0,0.605,0.00109,0.873,0.0612,-5.36,142.009,0.688,18
B.E.L.I.E.V.E,11,5dR5dOhTHIG8jkRpZr2wNk,Love Chase,spotify:track:5dR5dOhTHIG8jkRpZr2wNk,3,0,0.479,0.00783,0.806,0.277,-6.947,176.017,0.494,13
B.E.L.I.E.V.E,12,6jmoGCIjqZvsKNE55WTlYm,Luar Biasa,spotify:track:6jmoGCIjqZvsKNE55WTlYm,6,0,0.494,0.0258,0.952,0.45,-4.001,89.963,0.419,20
B.E.L.I.E.V.E,13,6EZqO03jlEnl0A6VVRLfRf,Hanya Lihat Ke Depan,spotify:track:6EZqO03jlEnl0A6VVRLfRf,0,1,0.606,0.00858,0.761,0.128,-5.611,107.492,0.743,24
Mahagita: Kamikyokutachi,1,6CLIPaGFJbCS9jakGQfp5v,Pesawat Kertas 365 Hari,spotify:track:6CLIPaGFJbCS9jakGQfp5v,7,1,0.57,0.0178,0.802,0.105,-3.938,106.043,0.504,63
Mahagita: Kamikyokutachi,2,2wBin7au6r2hiSV9p42aki,Dibawah Langit Berwarna Sakura,spotify:track:2wBin7au6r2hiSV9p42aki,4,0,0.538,0.00921,0.619,0.342,-5.294,163.975,0.64,36
Mahagita: Kamikyokutachi,3,21UirZHRZi1xTc2Fx50nQ8,River,spotify:track:21UirZHRZi1xTc2Fx50nQ8,7,1,0.657,0.0374,0.887,0.665,-2.464,106.502,0.652,49
Mahagita: Kamikyokutachi,4,469lObbmed3vMkCi7EaXib,Fortune Cookie Yang Mencinta,spotify:track:469lObbmed3vMkCi7EaXib,2,1,0.713,0.0104,0.962,0.226,-2.796,122.014,0.785,62
Mahagita: Kamikyokutachi,5,1rPU4PavddoSu8Jg82A7IB,Refrain Penuh Harapan,spotify:track:1rPU4PavddoSu8Jg82A7IB,4,1,0.465,0.0143,0.934,0.264,-2.812,161.067,0.503,34
Mahagita: Kamikyokutachi,7,35likzjPBS2NKiSCgrneUy,First Rabbit,spotify:track:35likzjPBS2NKiSCgrneUy,8,1,0.392,0.00222,0.919,0.0686,-4.294,167.998,0.431,44
Mahagita: Kamikyokutachi,9,7CfJo9bUarH8qNlnAttnz0,Gadis Remaja,spotify:track:7CfJo9bUarH8qNlnAttnz0,5,1,0.483,8.81e-05,0.957,0.129,-3.031,158.019,0.796,31
Mahagita: Kamikyokutachi,10,5eCkwoIuxOvQF7vkeAeH0n,IndoHari Pertama,spotify:track:5eCkwoIuxOvQF7vkeAeH0n,6,1,0.551,0.00734,0.924,0.297,-3.009,147.991,0.651,28
Mahagita: Kamikyokutachi,11,6iM2wBbtzQD4ZRa3lTCJQ1,Only Today,spotify:track:6iM2wBbtzQD4ZRa3lTCJQ1,4,1,0.562,0.00182,0.918,0.355,-2.727,82.033,0.696,43
Mahagita: Kamikyokutachi,12,1yb8u89dZ9WmxuYcCtyw66,1!2!3!4! Yoroshiku!,spotify:track:1yb8u89dZ9WmxuYcCtyw66,2,1,0.661,0.00566,0.97,0.0705,-2.397,137.023,0.487,28
Mahagita: Kamikyokutachi,13,1KPPLsFDyTo8KWe3JqYIy2,Alasanku Maybe,spotify:track:1KPPLsFDyTo8KWe3JqYIy2,7,1,0.415,1.62e-05,0.973,0.0789,-2.47,160.019,0.303,31
Mahagita: Kamikyokutachi,14,6RsLc48FgvyBFsPtbNleD2,Laptime Masa Remaja,spotify:track:6RsLc48FgvyBFsPtbNleD2,0,1,0.413,0.000295,0.946,0.307,-3.034,173.037,0.428,28
Mahagita: Kamikyokutachi,15,7jRMT3dzr0s2BYNA3x5NNm,Kebun Binatang Saat Hujan,spotify:track:7jRMT3dzr0s2BYNA3x5NNm,2,1,0.6,0.00223,0.892,0.161,-3.55,99.988,0.714,28
Boku No Taiyou: Matahari Milikku,2,633Hoxo7fwxM1eobzyR5Ib,Dreamin? girls,spotify:track:633Hoxo7fwxM1eobzyR5Ib,11,1,0.849,0.731,0.672,0.366,-6.308,127.979,0.967,22
Boku No Taiyou: Matahari Milikku,3,0AWvWb3RAWXVzkGCs4Wb8w,RUN RUN RUN,spotify:track:0AWvWb3RAWXVzkGCs4Wb8w,1,0,0.639,0.00829,0.844,0.401,-4.617,149.947,0.615,34
Boku No Taiyou: Matahari Milikku,4,3hNbz3304qfzuzpo9JWiTz,Buah Masa Depan,spotify:track:3hNbz3304qfzuzpo9JWiTz,5,0,0.647,0.00441,0.947,0.215,-4.604,126.083,0.542,24
Boku No Taiyou: Matahari Milikku,5,63HvVm0kLoINPOIZ4OTDpl,Viva! Hurricane,spotify:track:63HvVm0kLoINPOIZ4OTDpl,10,1,0.658,0.0181,0.963,0.2,-3.865,132.061,0.518,25
Boku No Taiyou: Matahari Milikku,6,3n808s5G0ztcwTHzicrzpo,Jangan Panggil Diriku Idol,spotify:track:3n808s5G0ztcwTHzicrzpo,5,0,0.546,0.00558,0.862,0.373,-7.139,131.996,0.773,20
Boku No Taiyou: Matahari Milikku,7,62SzuJrycRdfSQ3PNuRu0V,"Aku, Juliette dan Jet Coaster",spotify:track:62SzuJrycRdfSQ3PNuRu0V,4,0,0.591,0.0348,0.921,0.161,-7.705,155.001,0.923,20
Boku No Taiyou: Matahari Milikku,8,6nc7Hc7FQq28InNiPmEEdk,Cinta Higurashi,spotify:track:6nc7Hc7FQq28InNiPmEEdk,2,1,0.626,0.00982,0.849,0.463,-6.902,99.99,0.792,33
Boku No Taiyou: Matahari Milikku,9,40OYOS7gJQibzRoO17gARn,Pertahanan akan Cinta,spotify:track:40OYOS7gJQibzRoO17gARn,10,0,0.587,0.00471,0.699,0.143,-7.171,92.992,0.438,20
Boku No Taiyou: Matahari Milikku,10,7A1nnEnf7Dj2V12DguP5ZC,Bunga Matahari,spotify:track:7A1nnEnf7Dj2V12DguP5ZC,10,1,0.596,0.0023,0.877,0.152,-4.908,117.989,0.517,34
Boku No Taiyou: Matahari Milikku,11,5UkfdnuoVxONqSZZtLOtbM,Kakak Kelasku,spotify:track:5UkfdnuoVxONqSZZtLOtbM,0,0,0.71,0.0534,0.664,0.0842,-5.758,137.989,0.52,19
Boku No Taiyou: Matahari Milikku,12,5X04R2epvkzQKL46cNY0XT,Dengan Berbagai Alasan,spotify:track:5X04R2epvkzQKL46cNY0XT,3,0,0.584,0.0235,0.838,0.242,-4.051,147.019,0.709,18
Boku No Taiyou: Matahari Milikku,13,0wCfmSvQXb9ckfiLUtLC43,Deja Vu,spotify:track:0wCfmSvQXb9ckfiLUtLC43,6,0,0.616,0.000769,0.855,0.145,-5.752,137.51,0.619,18
Boku No Taiyou: Matahari Milikku,14,3lA2G6jdVXPJxOjgdTYrdI,Apakah Kau Melihat Mentari Senja?,spotify:track:3lA2G6jdVXPJxOjgdTYrdI,0,1,0.57,0.0414,0.791,0.0644,-6.948,91.991,0.427,45
Boku No Taiyou: Matahari Milikku,15,6kxcNl0d0t8HzgglvPAU8J,Lay down,spotify:track:6kxcNl0d0t8HzgglvPAU8J,0,1,0.605,0.00536,0.868,0.246,-5.534,119.994,0.781,19
Boku No Taiyou: Matahari Milikku,16,2UAKXnNAo7zg2A9WIU8eLz,BINGO!,spotify:track:2UAKXnNAo7zg2A9WIU8eLz,4,0,0.542,0.0918,0.805,0.314,-5.131,149.988,0.633,32
Boku No Taiyou: Matahari Milikku,17,76RQFYXgytwwB0WsuLbGNP,Matahari Milikku,spotify:track:76RQFYXgytwwB0WsuLbGNP,0,1,0.51,0.0269,0.901,0.312,-5.55,137.386,0.439,29
Renai Kinshi Jourei: Aturan Anti Cinta,1,5anYLlQKpuld6EB1p5JdfQ,OVERTURE,spotify:track:5anYLlQKpuld6EB1p5JdfQ,9,1,0.63,0.251,0.936,0.361,-4.11,134.864,0.404,21
Renai Kinshi Jourei: Aturan Anti Cinta,2,54RWuxRpTDZT43ZRubIWTt,Cahaya Panjang,spotify:track:54RWuxRpTDZT43ZRubIWTt,5,0,0.536,0.00877,0.846,0.118,-7.033,140.053,0.378,33
Renai Kinshi Jourei: Aturan Anti Cinta,3,4WQMHTV8WvKFuVfG3IxevA,Di Tengah Hujan Badai Tiba,spotify:track:4WQMHTV8WvKFuVfG3IxevA,1,0,0.418,0.00154,0.842,0.465,-6.052,184.18,0.499,36
Renai Kinshi Jourei: Aturan Anti Cinta,4,40lKMzWW6H2guXOaUmesvy,Gadis SMA Putri Tidur,spotify:track:40lKMzWW6H2guXOaUmesvy,9,1,0.516,0.00129,0.74,0.0801,-6.431,149.973,0.593,23
Renai Kinshi Jourei: Aturan Anti Cinta,5,60KBTI055mOflWrxuhchYe,Jatuh Cinta Setiap Bertemu,spotify:track:60KBTI055mOflWrxuhchYe,8,1,0.65,0.0405,0.852,0.3,-4.843,140.049,0.764,31
Renai Kinshi Jourei: Aturan Anti Cinta,6,16kgprsqSmc5weQZhZreNa,Malaikat Hitam,spotify:track:16kgprsqSmc5weQZhZreNa,3,0,0.555,0.00461,0.778,0.331,-6.193,145.995,0.441,26
Renai Kinshi Jourei: Aturan Anti Cinta,7,707ReKiP4e9oNl8KmNZarC,Virus Tipe Hati,spotify:track:707ReKiP4e9oNl8KmNZarC,2,1,0.52,0.00434,0.872,0.12,-6.815,163.103,0.863,33
Renai Kinshi Jourei: Aturan Anti Cinta,8,1VUwx5BfwWizkopjo54shh,Aturan Anti Cinta,spotify:track:1VUwx5BfwWizkopjo54shh,1,0,0.625,0.0304,0.934,0.351,-6.457,116.015,0.906,29
Renai Kinshi Jourei: Aturan Anti Cinta,9,6SwlFqnA4QVneQOmnjcZbU,Tsundere!,spotify:track:6SwlFqnA4QVneQOmnjcZbU,4,0,0.53,0.0106,0.917,0.214,-5.309,76.983,0.721,23
Renai Kinshi Jourei: Aturan Anti Cinta,10,7A0SbtqWbGP8cMNTxCC0BN,Mawar Natal Musim Panas,spotify:track:7A0SbtqWbGP8cMNTxCC0BN,7,1,0.592,0.162,0.797,0.0982,-5.82,140.017,0.844,26
Renai Kinshi Jourei: Aturan Anti Cinta,11,6VxX4GEk2WeChubLfQH0LW,Switch,spotify:track:6VxX4GEk2WeChubLfQH0LW,0,1,0.61,0.000835,0.76,0.121,-7.751,133.001,0.554,22
Renai Kinshi Jourei: Aturan Anti Cinta,12,2KhNKQ0EmPjxaxvyhbDWbP,109 - MARUKYUU,spotify:track:2KhNKQ0EmPjxaxvyhbDWbP,8,0,0.512,0.00339,0.795,0.161,-5.38,156.022,0.771,31
Renai Kinshi Jourei: Aturan Anti Cinta,14,5621SuBlaO0AoJzGh0hsrD,Sneakers Waktu itu,spotify:track:5621SuBlaO0AoJzGh0hsrD,7,1,0.544,0.11,0.607,0.208,-6.701,105.028,0.55,28
Renai Kinshi Jourei: Aturan Anti Cinta,15,1y82UfKMlySXVtZDeb76jv,JKT Datang!,spotify:track:1y82UfKMlySXVtZDeb76jv,6,1,0.428,0.000742,0.924,0.0631,-4.96,160.032,0.701,26
Renai Kinshi Jourei: Aturan Anti Cinta,16,1pMpflIkvAqZHznn4wa3zM,Napas dalam Air Mata,spotify:track:1pMpflIkvAqZHznn4wa3zM,3,0,0.515,0.00821,0.861,0.336,-6.069,135.028,0.614,20
Renai Kinshi Jourei: Aturan Anti Cinta,17,6VbuqZzxvZwP3F6zmGquo2,Teriakan Berlian,spotify:track:6VbuqZzxvZwP3F6zmGquo2,2,1,0.471,0.087,0.845,0.249,-6.059,174.078,0.562,25
Heavy Rotation,1,7EdzxaYQzbOqOlmwzjDFwX,Heavy Rotation,spotify:track:7EdzxaYQzbOqOlmwzjDFwX,1,0,0.397,0.002,0.907,0.281,-1.101,178.039,0.33,50
Heavy Rotation,2,5MvvfIkbTM4MxCJa3gfh3R,Karena Kusuka Dirimu,spotify:track:5MvvfIkbTM4MxCJa3gfh3R,6,0,0.424,0.000562,0.931,0.107,-4.08,158.058,0.689,48
Heavy Rotation,3,4pEMeRLMT9yuxHEjvcudAJ,Ponytail Dan Shu-Shu,spotify:track:4pEMeRLMT9yuxHEjvcudAJ,6,1,0.432,0.0178,0.903,0.15,-4.772,159.947,0.602,38
Heavy Rotation,4,6VlzYddLkvIdnEykTBTBCq,Baby!Baby!Baby!,spotify:track:6VlzYddLkvIdnEykTBTBCq,4,0,0.675,0.093,0.956,0.098,-3.392,122.992,0.961,47
Heavy Rotation,5,4OZ4iOWnoEQQCChknSb7Jq,Hari Pertama,spotify:track:4OZ4iOWnoEQQCChknSb7Jq,11,0,0.609,0.00332,0.942,0.185,-1.776,148.023,0.723,42
Heavy Rotation,6,2jBXZL9YEDALGFGTXpq6m3,Washoi J!,spotify:track:2jBXZL9YEDALGFGTXpq6m3,8,1,0.776,0.166,0.954,0.0248,-1.702,125.097,0.74,26
Heavy Rotation,7,6PYdWmlwcBlYkv0m62Opkh,Teriakan Diamond,spotify:track:6PYdWmlwcBlYkv0m62Opkh,2,1,0.523,0.039,0.972,0.0878,-0.152,174.129,0.572,37
Heavy Rotation,8,2D1NrSzg4qCu7ue7Gb2VcR,"Maafkan, Summer",spotify:track:2D1NrSzg4qCu7ue7Gb2VcR,7,1,0.564,0.00174,0.961,0.299,-0.157,147.951,0.54,42
Heavy Rotation,9,0Ert1zrTUNcbrpNBJxe8lH,Air Mata Surprise!,spotify:track:0Ert1zrTUNcbrpNBJxe8lH,1,1,0.692,0.00352,0.977,0.3,-1.401,136.851,0.729,28
Heavy Rotation,10,7BtRy8sGQUjXGEUcz6YlsN,Jejak Awan Pesawat,spotify:track:7BtRy8sGQUjXGEUcz6YlsN,5,1,0.543,0.00953,0.941,0.109,-2.544,145.953,0.756,33
Flying High,1,6a1mt15RL1Y3FxeU6Zoh3W,Flying High,spotify:track:6a1mt15RL1Y3FxeU6Zoh3W,8,0,0.678,0.104,0.761,0.765,-4.257,101.99,0.845,55
Berani Bersuara <3 <3,1,4MMJA9BGygvCDpwxKzzIew,Berani Bersuara <3 <3,spotify:track:4MMJA9BGygvCDpwxKzzIew,6,0,0.483,0.219,0.817,0.163,-6.402,170.045,0.705,49
Bukan PHO (JKT48 Version),1,5uck3WWGPhvX7rBnb1tOWt,Bukan PHO - JKT48 Version,spotify:track:5uck3WWGPhvX7rBnb1tOWt,0,1,0.725,0.0597,0.982,0.398,-1.45,132.009,0.68,20
Cara Ceroboh untuk Mencinta,1,4UaA9RLsFoVlWQj0Apis1u,Cara Ceroboh untuk Mencinta,spotify:track:4UaA9RLsFoVlWQj0Apis1u,6,0,0.385,0.00273,0.904,0.24,-6.081,149.954,0.516,39
JKT48 Acoustic,1,2EIZPjooOtoHEO8cTLE5Qx,Lantang,spotify:track:2EIZPjooOtoHEO8cTLE5Qx,2,1,0.691,0.201,0.795,0.189,-5.879,95.999,0.585,21
JKT48 Acoustic,2,18cbYp7LM2N613vNeCRZXR,Cinta Remaja,spotify:track:18cbYp7LM2N613vNeCRZXR,4,1,0.623,0.163,0.702,0.123,-6.603,95.997,0.487,22
Rapsodi,1,7rlrbIP5lcQH8s9MKL0qPf,Rapsodi,spotify:track:7rlrbIP5lcQH8s9MKL0qPf,1,1,0.596,0.561,0.594,0.151,-6.638,144.975,0.487,62
Rapsodi,2,28JFVnJcLlIErsXANEPglS,Sweet & Bitter,spotify:track:28JFVnJcLlIErsXANEPglS,3,1,0.559,0.0217,0.705,0.18,-4.844,128.005,0.625,33
Rapsodi,3,733SiVQU5Lz0gWkTf4Zhov,Menanti,spotify:track:733SiVQU5Lz0gWkTf4Zhov,5,1,0.697,0.792,0.261,0.0911,-7.673,73.924,0.408,38
Rapsodi,4,2txfZC0Jo1mIfP9muIXfDo,Mimpi yang Hina,spotify:track:2txfZC0Jo1mIfP9muIXfDo,7,0,0.459,0.00119,0.913,0.287,-4.139,148.009,0.516,21
Rapsodi,5,4H03GvK30cmfY4waozFR5j,Siapa yang Mempertemukan Kita Berdua?,spotify:track:4H03GvK30cmfY4waozFR5j,8,1,0.667,0.0136,0.861,0.359,-4.814,100.013,0.789,31
JKT48 5th Sousenkyo Special Unit,1,7jUfNO8OcJSXSPGZevCOQh,Pundak Kanan,spotify:track:7jUfNO8OcJSXSPGZevCOQh,7,1,0.479,0.024,0.738,0.31,-5.45,78.921,0.41,25
JKT48 5th Sousenkyo Special Unit,2,0GrxliwofX5XB3vUjPrrrv,Bukan Alpukat...,spotify:track:0GrxliwofX5XB3vUjPrrrv,8,1,0.476,0.000462,0.966,0.294,-2.588,169.97,0.856,23
JKT48 5th Sousenkyo Special Unit,3,2KtlqLBdSOyB30R1rV4jrT,Relax!,spotify:track:2KtlqLBdSOyB30R1rV4jrT,4,1,0.669,0.0113,0.779,0.134,-2.49,124.004,0.839,20
JKT48 5th Sousenkyo Special Unit,4,45aVaZQhnBbltQoZb7yOFS,Bukan Salah Air Mata,spotify:track:45aVaZQhnBbltQoZb7yOFS,8,1,0.611,0.209,0.484,0.133,-5.495,119.976,0.164,20
